<System>
  <MCU>
    <PGMMCUFlashAdd>0x00000000</PGMMCUFlashAdd>
    <PGMMCUFlashLength>0x100000</PGMMCUFlashLength>
    <PGMMCULockAdd>0x00100000</PGMMCULockAdd>
    <CountsAdd>0x00200000</CountsAdd>
    <MCUNumber>10</MCUNumber>
    <MCU0>
      <MCUName>HC32L15xxA</MCUName>
      <Series>CM0+</Series>
      <Type>0</Type>
      <FlashAddress>0x00000000</FlashAddress>
      <PageCount>256</PageCount>
      <PageSize>512</PageSize>
      <BinFile>m_flash.hc32l15</BinFile>
      <RAMAdd>0x20000000</RAMAdd>
      <RAMLength>0x1800</RAMLength>
      <MainCR>4000000</MainCR>
      <CRTrimmingAdd>0x100004</CRTrimmingAdd>
      <CRTrimmingLength>16</CRTrimmingLength>
      <UIDAdd>0x40000100</UIDAdd>
      <UIDLength>0x0c</UIDLength>
      <UID>000000000000000000000000</UID>
      <UserArea>00000000000000000000000000000000</UserArea>
      <MinXTAL>4</MinXTAL>
      <MaxXTAL>32</MaxXTAL>
      <PacketLength>0x80</PacketLength>
      <WriteLockPageNum>0</WriteLockPageNum>
      <WriteLockAdr>0xFFFFFFFF</WriteLockAdr>
      <RamCodeVersion>0</RamCodeVersion>
      <WriteLockEn>false</WriteLockEn>
      <ChipEraseEn>true</ChipEraseEn>
      <PageEraseEn>true</PageEraseEn>
      <ChipLockEn>true</ChipLockEn>
      <PowerEn>true</PowerEn>
      <ResetEn>true</ResetEn>
      <SerialNumberEn>true</SerialNumberEn>
    </MCU0>
    <MCU1>
      <MCUName>HC32L15xx8</MCUName>
      <Series>CM0+</Series>
      <Type>0</Type>
      <FlashAddress>0x00000000</FlashAddress>
      <PageCount>128</PageCount>
      <PageSize>512</PageSize>
      <BinFile>m_flash.hc32l15</BinFile>
      <RAMAdd>0x20000000</RAMAdd>
      <RAMLength>0x1800</RAMLength>
      <MainCR>4000000</MainCR>
      <CRTrimmingAdd>0x100004</CRTrimmingAdd>
      <CRTrimmingLength>16</CRTrimmingLength>
      <UIDAdd>0x40000100</UIDAdd>
      <UIDLength>0x0c</UIDLength>
      <UID>000000000000000000000000</UID>
      <UserArea>00000000000000000000000000000000</UserArea>
      <MinXTAL>4</MinXTAL>
      <MaxXTAL>32</MaxXTAL>
      <PacketLength>0x80</PacketLength>
      <WriteLockPageNum>0</WriteLockPageNum>
      <WriteLockAdr>0xFFFFFFFF</WriteLockAdr>
      <RamCodeVersion>0</RamCodeVersion>
      <WriteLockEn>false</WriteLockEn>
      <ChipEraseEn>true</ChipEraseEn>
      <PageEraseEn>true</PageEraseEn>
      <ChipLockEn>true</ChipLockEn>
      <PowerEn>true</PowerEn>
      <ResetEn>true</ResetEn>
      <SerialNumberEn>true</SerialNumberEn>
    </MCU1>
    <MCU2>
      <MCUName>HC32F146xA/HC32M140xA</MCUName>
      <Series>CM0+</Series>
      <Type>0</Type>
      <FlashAddress>0x00000000</FlashAddress>
      <PageCount>256</PageCount>
      <PageSize>512</PageSize>
      <BinFile>m_flash.hc32l15</BinFile>
      <RAMAdd>0x20000000</RAMAdd>
      <RAMLength>0x2000</RAMLength>
      <MainCR>4000000</MainCR>
      <CRTrimmingAdd>0x100004</CRTrimmingAdd>
      <CRTrimmingLength>16</CRTrimmingLength>
      <UIDAdd>0x40000100</UIDAdd>
      <UIDLength>0x0c</UIDLength>
      <UID>000000000000000000000000</UID>
      <UserArea>00000000000000000000000000000000</UserArea>
      <MinXTAL>4</MinXTAL>
      <MaxXTAL>16</MaxXTAL>
      <PacketLength>0x80</PacketLength>
      <WriteLockPageNum>0</WriteLockPageNum>
      <WriteLockAdr>0xFFFFFFFF</WriteLockAdr>
      <RamCodeVersion>0</RamCodeVersion>
      <WriteLockEn>false</WriteLockEn>
      <ChipEraseEn>true</ChipEraseEn>
      <PageEraseEn>true</PageEraseEn>
      <ChipLockEn>true</ChipLockEn>
      <PowerEn>true</PowerEn>
      <ResetEn>true</ResetEn>
      <SerialNumberEn>true</SerialNumberEn>
    </MCU2>
    <MCU3>
      <MCUName>HC32F146x8/HC32M140x8</MCUName>
      <Series>CM0+</Series>
      <Type>0</Type>
      <FlashAddress>0x00000000</FlashAddress>
      <PageCount>128</PageCount>
      <PageSize>512</PageSize>
      <BinFile>m_flash.hc32l15</BinFile>
      <RAMAdd>0x20000000</RAMAdd>
      <RAMLength>0x2000</RAMLength>
      <MainCR>4000000</MainCR>
      <CRTrimmingAdd>0x100004</CRTrimmingAdd>
      <CRTrimmingLength>16</CRTrimmingLength>
      <UIDAdd>0x40000100</UIDAdd>
      <UIDLength>0x0c</UIDLength>
      <UID>000000000000000000000000</UID>
      <UserArea>00000000000000000000000000000000</UserArea>
      <MinXTAL>4</MinXTAL>
      <MaxXTAL>16</MaxXTAL>
      <PacketLength>0x80</PacketLength>
      <WriteLockPageNum>0</WriteLockPageNum>
      <WriteLockAdr>0xFFFFFFFF</WriteLockAdr>
      <RamCodeVersion>0</RamCodeVersion>
      <WriteLockEn>false</WriteLockEn>
      <ChipEraseEn>true</ChipEraseEn>
      <PageEraseEn>true</PageEraseEn>
      <ChipLockEn>true</ChipLockEn>
      <PowerEn>true</PowerEn>
      <ResetEn>true</ResetEn>
      <SerialNumberEn>true</SerialNumberEn>
    </MCU3>
    <MCU4>
      <MCUName>HC32L110x4</MCUName>
      <Series>CM0+</Series>
      <Type>1</Type>
      <FlashAddress>0x00000000</FlashAddress>
      <PageCount>32</PageCount>
      <PageSize>512</PageSize>
      <BinFile>m_flash.hc32l15</BinFile>
      <RAMAdd>0x20000000</RAMAdd>
      <RAMLength>0x0800</RAMLength>
      <MainCR>4000000</MainCR>
      <CRTrimmingAdd>0x100004</CRTrimmingAdd>
      <CRTrimmingLength>16</CRTrimmingLength>
      <UIDAdd>0x40000100</UIDAdd>
      <UIDLength>0x0c</UIDLength>
      <UID>000000000000000000000000</UID>
      <UserArea>00000000000000000000000000000000</UserArea>
      <MinXTAL>4</MinXTAL>
      <MaxXTAL>4</MaxXTAL>
      <PacketLength>0x40</PacketLength>
      <WriteLockPageNum>16</WriteLockPageNum>
      <WriteLockAdr>0x00100BF8</WriteLockAdr>
      <RamCodeVersion>1</RamCodeVersion>
      <WriteLockEn>true</WriteLockEn>
      <ChipEraseEn>true</ChipEraseEn>
      <PageEraseEn>true</PageEraseEn>
      <ChipLockEn>true</ChipLockEn>
      <PowerEn>true</PowerEn>
      <ResetEn>true</ResetEn>
      <SerialNumberEn>true</SerialNumberEn>
    </MCU4>
    <MCU5>
      <MCUName>HC32L110x6</MCUName>
      <Series>CM0+</Series>
      <Type>1</Type>
      <FlashAddress>0x00000000</FlashAddress>
      <PageCount>64</PageCount>
      <PageSize>512</PageSize>
      <BinFile>m_flash.hc32l15</BinFile>
      <RAMAdd>0x20000000</RAMAdd>
      <RAMLength>0x1000</RAMLength>
      <MainCR>4000000</MainCR>
      <CRTrimmingAdd>0x100004</CRTrimmingAdd>
      <CRTrimmingLength>16</CRTrimmingLength>
      <UIDAdd>0x40000100</UIDAdd>
      <UIDLength>0x0c</UIDLength>
      <UID>000000000000000000000000</UID>
      <UserArea>00000000000000000000000000000000</UserArea>
      <MinXTAL>4</MinXTAL>
      <MaxXTAL>4</MaxXTAL>
      <PacketLength>0x40</PacketLength>
      <WriteLockPageNum>16</WriteLockPageNum>
      <WriteLockAdr>0x00100BF8</WriteLockAdr>
      <RamCodeVersion>1</RamCodeVersion>
      <WriteLockEn>true</WriteLockEn>
      <ChipEraseEn>true</ChipEraseEn>
      <PageEraseEn>true</PageEraseEn>
      <ChipLockEn>true</ChipLockEn>
      <PowerEn>true</PowerEn>
      <ResetEn>true</ResetEn>
      <SerialNumberEn>true</SerialNumberEn>
    </MCU5>
    <MCU6>
      <MCUName>HC32F005C6</MCUName>
      <Series>CM0+</Series>
      <Type>1</Type>
      <FlashAddress>0x00000000</FlashAddress>
      <PageCount>64</PageCount>
      <PageSize>512</PageSize>
      <BinFile>m_flash.hc32l15</BinFile>
      <RAMAdd>0x20000000</RAMAdd>
      <RAMLength>0x1000</RAMLength>
      <MainCR>4000000</MainCR>
      <CRTrimmingAdd>0x100004</CRTrimmingAdd>
      <CRTrimmingLength>16</CRTrimmingLength>
      <UIDAdd>0x40000100</UIDAdd>
      <UIDLength>0x0c</UIDLength>
      <UID>000000000000000000000000</UID>
      <UserArea>00000000000000000000000000000000</UserArea>
      <MinXTAL>4</MinXTAL>
      <MaxXTAL>4</MaxXTAL>
      <PacketLength>0x40</PacketLength>
      <WriteLockPageNum>16</WriteLockPageNum>
      <WriteLockAdr>0x00100BF8</WriteLockAdr>
      <RamCodeVersion>1</RamCodeVersion>
      <WriteLockEn>true</WriteLockEn>
      <ChipEraseEn>true</ChipEraseEn>
      <PageEraseEn>true</PageEraseEn>
      <ChipLockEn>true</ChipLockEn>
      <PowerEn>true</PowerEn>
      <ResetEn>true</ResetEn>
      <SerialNumberEn>true</SerialNumberEn>
    </MCU6>
    <MCU7>
      <MCUName>HC32F003C4</MCUName>
      <Series>CM0+</Series>
      <Type>1</Type>
      <FlashAddress>0x00000000</FlashAddress>
      <PageCount>32</PageCount>
      <PageSize>512</PageSize>
      <BinFile>m_flash.hc32l15</BinFile>
      <RAMAdd>0x20000000</RAMAdd>
      <RAMLength>0x1000</RAMLength>
      <MainCR>4000000</MainCR>
      <CRTrimmingAdd>0x100004</CRTrimmingAdd>
      <CRTrimmingLength>16</CRTrimmingLength>
      <UIDAdd>0x40000100</UIDAdd>
      <UIDLength>0x0c</UIDLength>
      <UID>000000000000000000000000</UID>
      <UserArea>00000000000000000000000000000000</UserArea>
      <MinXTAL>4</MinXTAL>
      <MaxXTAL>4</MaxXTAL>
      <PacketLength>0x40</PacketLength>
      <WriteLockPageNum>16</WriteLockPageNum>
      <WriteLockAdr>0x00100BF8</WriteLockAdr>
      <RamCodeVersion>1</RamCodeVersion>
      <WriteLockEn>true</WriteLockEn>
      <ChipEraseEn>true</ChipEraseEn>
      <PageEraseEn>true</PageEraseEn>
      <ChipLockEn>true</ChipLockEn>
      <PowerEn>true</PowerEn>
      <ResetEn>true</ResetEn>
      <SerialNumberEn>true</SerialNumberEn>
    </MCU7>
    <MCU8>
      <MCUName>HC32L136x8/HC32L130x8</MCUName>
      <Series>CM0+</Series>
      <Type>1</Type>
      <FlashAddress>0x00000000</FlashAddress>
      <PageCount>128</PageCount>
      <PageSize>512</PageSize>
      <BinFile>m_flash.hc32l15</BinFile>
      <RAMAdd>0x20000000</RAMAdd>
      <RAMLength>0x2000</RAMLength>
      <MainCR>4000000</MainCR>
      <CRTrimmingAdd>0x100004</CRTrimmingAdd>
      <CRTrimmingLength>16</CRTrimmingLength>
      <UIDAdd>0x40000100</UIDAdd>
      <UIDLength>0x0c</UIDLength>
      <UID>000000000000000000000000</UID>
      <UserArea>00000000000000000000000000000000</UserArea>
      <MinXTAL>4</MinXTAL>
      <MaxXTAL>4</MaxXTAL>
      <PacketLength>0x40</PacketLength>
      <WriteLockPageNum>32</WriteLockPageNum>
      <WriteLockAdr>0x00100BF8</WriteLockAdr>
      <RamCodeVersion>2</RamCodeVersion>
      <WriteLockEn>true</WriteLockEn>
      <ChipEraseEn>true</ChipEraseEn>
      <PageEraseEn>true</PageEraseEn>
      <ChipLockEn>true</ChipLockEn>
      <PowerEn>true</PowerEn>
      <ResetEn>true</ResetEn>
      <SerialNumberEn>true</SerialNumberEn>
    </MCU8>
    <MCU9>
      <MCUName>HC32F030x8</MCUName>
      <Series>CM0+</Series>
      <Type>1</Type>
      <FlashAddress>0x00000000</FlashAddress>
      <PageCount>128</PageCount>
      <PageSize>512</PageSize>
      <BinFile>m_flash.hc32l15</BinFile>
      <RAMAdd>0x20000000</RAMAdd>
      <RAMLength>0x2000</RAMLength>
      <MainCR>4000000</MainCR>
      <CRTrimmingAdd>0x100004</CRTrimmingAdd>
      <CRTrimmingLength>16</CRTrimmingLength>
      <UIDAdd>0x40000100</UIDAdd>
      <UIDLength>0x0c</UIDLength>
      <UID>000000000000000000000000</UID>
      <UserArea>00000000000000000000000000000000</UserArea>
      <MinXTAL>4</MinXTAL>
      <MaxXTAL>4</MaxXTAL>
      <PacketLength>0x40</PacketLength>
      <WriteLockPageNum>32</WriteLockPageNum>
      <WriteLockAdr>0x00100BF8</WriteLockAdr>
      <RamCodeVersion>2</RamCodeVersion>
      <WriteLockEn>true</WriteLockEn>
      <ChipEraseEn>true</ChipEraseEn>
      <PageEraseEn>true</PageEraseEn>
      <ChipLockEn>true</ChipLockEn>
      <PowerEn>true</PowerEn>
      <ResetEn>true</ResetEn>
      <SerialNumberEn>true</SerialNumberEn>
    </MCU9>
  </MCU>
</System>